TP_RECORD_SHARE;ID_POLIZZA_EXP;ID_ANAGRAFICA_EXP;ID_POLIZZA_INVIO;COMPAGNIA_ANIA;COMPAGNIA_EXP;AGENZIA;NUMERO_POLIZZA_CMP;TIPO_POLIZZA_SHARE;RAMO_CMP;PRODOTTO_CMP;COD_STATO_SHARE;COD_STORNO_SHARE;COD_STORNO_CMP;DATA_ANNULLAMENTO;DATA_SOSPENSIONE;DATA_FINE_SOSPENSIONE;EFFETTO;SCADENZA_ORIGINALE;SCADENZA_EFFETTIVA;SCADENZA_EMESSO;SCADENZA_INCASSATO;FRAZIONAMENTO_SHARE;DURATA_SHARE;TACITO_RINNOVO_SHARE;COLLABORATORE_1;TIPO_COASS;NS_QUOTA;FL_VINCOLO;VALUTA_SHARE;NUMERO_POLIZZA_SOSTITUITA_1;NUMERO_POLIZZA_SOSTITUENTE;ID_SOSTITUITA_EXP;ID_SOSTITUENTE_EXP;TIPO_PROVVIGIONI_SHARE;TIPO_PREMI;TIPO_PREMI_DELEGA;NETTO_TOTALE;IMPONIBILE_TOTALE;SSN_TOTALE;TASSE_TOTALE;LORDO_TOTALE;NUMERO_PROPOSTA_CMP;CODICE_BROKER;DATA_EMISSIONE;TIPO_AFFARE_SHARE;LIBRO_MATRICOLA;TIPO_FIRMA;MEZZO_PAGAMENTO_CMP;MEZZO_PAG_SHARE;TIMESTAMP_RECORD
20;P1;RSSMRA80A01H501U-M-A9999;P1;0999;PORTATORE_RISCHIO;A9999;NP-0001;2;MOTOR;BASE;AT;;;;;;16/09/2026;16/09/2027;16/09/2027;16/09/2027;16/09/2027;1;1;N;U90001;1;10000;0;EUR;;;;;;A;T;237,00;237,00;24,90;63,00;300,00;;;10/09/2026;;N;;CREDITCARD;CR;2026-09-16 20:49:08
20;P2;RSSMRA80A01H501U-M-A9999;P2;0999;PORTATORE_RISCHIO;A9999;NP-0002;2;MOTOR;BASE;AT;;;;;;16/09/2026;16/09/2027;16/09/2027;16/03/2027;16/03/2027;2;1;N;U90001;1;10000;0;EUR;;;;;;A;T;;;;;110,00;;;;;N;;PAYPAL;NN;2026-09-16 20:49:08
20;P3;VRDLGU75B02H501X-M-A9999;P3;0999;PORTATORE_RISCHIO;A9999;NP-0003;2;MOTOR;BASE;ST;SD;EXPIRING_POLICY;31/01/2027;;;31/01/2026;31/01/2027;31/01/2027;31/01/2027;31/01/2027;1;1;N;U90001;1;10000;0;EUR;;;;;;A;T;;;;;250,00;;;;;N;;;;2026-09-16 20:49:08
20;P4;PIVA12345678901-A9999;P4;0999;PORTATORE_RISCHIO;A9999;NP-0004;2;MOTOR;BASE;ST;PA;CUSTOMER_REQUEST;01/09/2026;;;01/05/2026;01/05/2027;01/05/2027;01/05/2027;01/09/2026;1;1;N;U90001;1;10000;0;EUR;;;;;;A;T;;;;;480,00;;;;;N;;;;2026-09-16 20:49:08
20;P5;VRDLGU75B02H501X-M-A9999;P5;0999;PORTATORE_RISCHIO;A9999;NP-0005;2;MOTOR;BASE;PV;;;;;;31/01/2027;15/02/2027;15/02/2027;;;1;1;N;U90001;1;10000;0;EUR;NP-0003;;;;;A;T;;;;;265,00;;;;T;N;;;;2026-09-16 20:49:08
20;P6;CHINONCESISTE-X-A9999;P6;0999;PORTATORE_RISCHIO;A9999;NP-0006;2;MOTOR;BASE;AT;;;;;;01/06/2026;01/06/2027;01/06/2027;01/06/2027;01/06/2027;1;1;N;U90001;1;10000;0;EUR;;;;;;A;T;;;;;120,00;;;;;N;;;;2026-09-16 20:49:08
20;P7;PIVA12345678901-A9999;P7;0999;PORTATORE_RISCHIO;A9999;NP-0007;2;HOME;CASA_E_FAMIGLIA;SP;;;;01/08/2026;;01/03/2026;01/03/2027;01/09/2027;01/03/2027;01/03/2027;1;1;S;U90001;1;10000;0;EUR;;;;;;A;T;;;;;390,00;;;;;N;;BANK_TRANSFER;BB;2026-09-16 20:49:08
20;P8;RSSMRA80A01H501U-M-A9999;P8;0999;PORTATORE_RISCHIO;A9999;NP-0008;2;MOTOR;BASE;AT;;;;;;01/07/2026;01/07/2027;01/07/2027;01/01/2027;01/01/2027;2;1;N;U90001;1;10000;0;EUR;;;;;;A;T;;;;;145,00;;;25/06/2026;;N;;BANK_TRANSFER;BB;2026-09-16 20:49:08
20;P9;VRDLGU75B02H501X-M-A9999;P9;0999;PORTATORE_RISCHIO;A9999;NP-0009;2;MOTOR;BASE;AT;;;;;;17/12/2025;17/12/2026;07/03/2027;17/12/2026;17/12/2026;2;1;N;U90001;1;10000;0;EUR;;;;;;A;T;;;;;309,00;;;11/12/2025;;N;;;;2026-09-16 20:49:08
